<?xml version="1.0" encoding="UTF-8" ?>
<!DOCTYPE struts PUBLIC
	"-//Apache Software Foundation//DTD Struts Configuration 2.3//EN"
	"http://struts.apache.org/dtds/struts-2.3.dtd">

<struts>

	<constant name="struts.enable.DynamicMethodInvocation" value="true"></constant>

     <package name ="userManagement" extends="json-default">
            <action name ="UserReg" class = "userManagement.UserReg">  
 						<result type="json" name="success"></result> 
            </action >  
            
            <action name ="UserLogin" class = "userManagement.UserLogin">  
 						<result type="json" name="success"></result>
            </action >  
            
            <action name ="GetFileList" class = "userManagement.GetFileList">  
 						<result type="json" name="success"></result>
            </action >  
            
            <action name ="FileDownloader" class = "userManagement.FileDownloader" method = "*">  
 						<result type="json" name="success"></result>
            </action >

             <action name ="FileUploader" class = "userManagement.FileUploader" method = "*">
                    <result type="json" name="success"></result>
             </action >
     </package >

    <!-- Add packages here -->

</struts>